0,1,2,3
android,,,
android,android-layout,,
android,android-layout,,
android,android-layout,,
android,android-edittext,,
android,android-edittext,android-layout,
android,javascript,,
android,android-fragments,,
,,,
,,,
android,,,
android,,,
,,,
c#,,,
google-chrome,python,,
android,,,
android,,,
android,,,
android,,,
c#,,,
android,,,
android,,,
android,,,
android,,,
android,android-layout,,
android,firebase,,
android,,,
android,,,
android,android-layout,,
javascript,,,
android,android-fragments,android-layout,
android,,,
android,android-layout,,
,,,
android,android-studio,firebase,
android,,,
android,,,
android,,,
visual-studio,,,
android,android-edittext,android-layout,
android,,,
android,,,
android,,,
android,,,
android,,,
android,,,
c#,,,
,,,
android,,,
,,,
c#,,,
android,,,
android,android-layout,,
android,,,
android,,,
android,android-architecture-components,,
android,,,
android,,,
android,,,
android,,,
c#,,,
android,android-layout,,
android,android-layout,,
android,firebase,,
android,,,
,,,
,,,
android,android-fragments,,
android,android-fragments,,
android,,,
android,,,
,,,
android,,,
android,android-fragments,android-layout,
android,,,
android,firebase,,
android,android-layout,,
android,,,
,,,
visual-studio,,,
android,firebase,,
android,android-layout,,
c#,,,
android,,,
android,,,
,,,
android,android-layout,,
visual-studio,,,
android,,,
android,,,
visual-studio,,,
android,,,
c#,visual-studio,,
android,,,
android,android-studio,,
android,,,
android,javascript,,
android,android-fragments,,
android,android-fragments,,
android,,,
,,,
android,android-layout,android-recyclerview,
android,,,
android,android-layout,,
,,,
android,,,
android,google-chrome,,
android,android-fragments,,
android,android-edittext,android-layout,
c#,,,
javascript,,,
c#,,,
android,,,
android,android-layout,,
android,visual-studio,,
android,,,
android,,,
android,visual-studio,,
android,android-layout,,
android,android-layout,,
google-chrome,python,,
,,,
android,,,
android,,,
javascript,,,
android,javascript,,
,,,
android,,,
android,android-layout,,
android,,,
android,python,,
android,,,
firebase,javascript,,
android,android-layout,,
android,,,
android,android-fragments,,
android,android-architecture-components,android-fragments,
android,android-layout,,
android,android-architecture-components,android-fragments,
android,android-edittext,android-layout,
android,,,
android,,,
android,,,
android,android-fragments,,
android,android-fragments,android-layout,android-viewpager
android,android-layout,,
android,,,
android,firebase,,
javascript,,,
javascript,,,
google-chrome,,,
android,,,
android,,,
android,,,
android,,,
android,android-fragments,,
android,android-edittext,android-layout,
android,android-studio,,
android,,,
c#,,,
android,google-chrome,,
android,android-studio,,
android,,,
android,,,
android,android-layout,,
javascript,,,
android,,,
c#,,,
android,,,
android,android-fragments,,
android,android-fragments,android-layout,
javascript,,,
android,,,
android,,,
android,android-layout,,
android,,,
android,android-studio,,
android,android-architecture-components,,
javascript,visual-studio,,
android,,,
python,,,
android,google-chrome,,
,,,
,,,
,,,
android,,,
android,android-edittext,android-layout,
android,,,
,,,
javascript,,,
javascript,,,
javascript,,,
android,android-layout,,
android,android-layout,,
android,android-fragments,,
android,,,
android,,,
android,,,
android,,,
android,,,
